<?xml version="1.0" encoding="UTF-8"?>
<metadata xml:lang="en"><Esri><CreaDate>20210610</CreaDate><CreaTime>08411400</CreaTime><ArcGISFormat>1.0</ArcGISFormat><SyncOnce>FALSE</SyncOnce><DataProperties><lineage><Process ToolSource="c:\program files (x86)\arcgis\desktop10.5\ArcToolbox\Toolboxes\Conversion Tools.tbx\RasterToPolygon" Date="20210513" Time="140846">RasterToPolygon ASCIITo_asc2 "C:\Users\NESEC GIS-1\Documents\ArcGIS\Default.gdb\RasterT_ASCIITo2" SIMPLIFY Value</Process><Process ToolSource="c:\program files (x86)\arcgis\desktop10.5\ArcToolbox\Toolboxes\Data Management Tools.tbx\Merge" Date="20210517" Time="084854">Merge NC_Inund_1;NC_Inund_2;NC_Inund_3;NC_Inund_4;NC_Inund_5;NC_Inund_6;NC_Inund_7;NC_Inund_8;NC_Inund_9 "C:\Users\NESEC GIS-1\Documents\ArcGIS\Default.gdb\NC_Inund_1_Merge" "OBJECTID "OBJECTID" true true false 10 Long 0 10 ,First,#,NC_Inund_1,OBJECTID,-1,-1,NC_Inund_2,OBJECTID,-1,-1,NC_Inund_3,OBJECTID,-1,-1,NC_Inund_4,OBJECTID,-1,-1,NC_Inund_5,OBJECTID,-1,-1,NC_Inund_6,OBJECTID,-1,-1,NC_Inund_7,OBJECTID,-1,-1,NC_Inund_8,OBJECTID,-1,-1,NC_Inund_9,OBJECTID,-1,-1;Id "Id" true true false 10 Long 0 10 ,First,#,NC_Inund_1,Id,-1,-1,NC_Inund_2,Id,-1,-1,NC_Inund_3,Id,-1,-1,NC_Inund_4,Id,-1,-1,NC_Inund_5,Id,-1,-1,NC_Inund_6,Id,-1,-1,NC_Inund_7,Id,-1,-1,NC_Inund_8,Id,-1,-1,NC_Inund_9,Id,-1,-1;gridcode "gridcode" true true false 10 Long 0 10 ,First,#,NC_Inund_1,gridcode,-1,-1,NC_Inund_2,gridcode,-1,-1,NC_Inund_3,gridcode,-1,-1,NC_Inund_4,gridcode,-1,-1,NC_Inund_5,gridcode,-1,-1,NC_Inund_6,gridcode,-1,-1,NC_Inund_7,gridcode,-1,-1,NC_Inund_8,gridcode,-1,-1,NC_Inund_9,gridcode,-1,-1;Shape_Leng "Shape_Leng" true true false 19 Double 0 0 ,First,#,NC_Inund_1,Shape_Leng,-1,-1,NC_Inund_2,Shape_Leng,-1,-1,NC_Inund_3,Shape_Leng,-1,-1,NC_Inund_4,Shape_Leng,-1,-1,NC_Inund_5,Shape_Leng,-1,-1,NC_Inund_6,Shape_Leng,-1,-1,NC_Inund_7,Shape_Leng,-1,-1,NC_Inund_8,Shape_Leng,-1,-1,NC_Inund_9,Shape_Leng,-1,-1;Shape_Area "Shape_Area" true true false 19 Double 0 0 ,First,#,NC_Inund_1,Shape_Area,-1,-1,NC_Inund_2,Shape_Area,-1,-1,NC_Inund_3,Shape_Area,-1,-1,NC_Inund_4,Shape_Area,-1,-1,NC_Inund_5,Shape_Area,-1,-1,NC_Inund_6,Shape_Area,-1,-1,NC_Inund_7,Shape_Area,-1,-1,NC_Inund_8,Shape_Area,-1,-1,NC_Inund_9,Shape_Area,-1,-1"</Process></lineage><itemProps><itemName Sync="TRUE">NC_Inund_1_Merge</itemName><imsContentType Sync="TRUE">002</imsContentType><itemLocation><linkage Sync="TRUE">file://\\GIS-1\Users\NESEC GIS-1\Documents\ArcGIS\Default.gdb</linkage><protocol Sync="TRUE">Local Area Network</protocol></itemLocation></itemProps></DataProperties><SyncDate>20210517</SyncDate><SyncTime>08484800</SyncTime><ModDate>20210517</ModDate><ModTime>08484800</ModTime></Esri><dataIdInfo><envirDesc Sync="TRUE"> Version 6.2 (Build 9200) ; Esri ArcGIS 10.5.1.7333</envirDesc><dataLang><languageCode value="eng" Sync="TRUE"></languageCode><countryCode value="USA" Sync="TRUE"></countryCode></dataLang><idCitation><resTitle Sync="TRUE">NC_Inund_1_Merge</resTitle><presForm><PresFormCd value="005" Sync="TRUE"></PresFormCd></presForm></idCitation><spatRpType><SpatRepTypCd value="001" Sync="TRUE"></SpatRepTypCd></spatRpType></dataIdInfo><mdLang><languageCode value="eng" Sync="TRUE"></languageCode><countryCode value="USA" Sync="TRUE"></countryCode></mdLang><distInfo><distFormat><formatName Sync="TRUE">File Geodatabase Feature Class</formatName></distFormat></distInfo><mdHrLv><ScopeCd value="005" Sync="TRUE"></ScopeCd></mdHrLv><mdHrLvName Sync="TRUE">dataset</mdHrLvName><spatRepInfo><VectSpatRep><geometObjs Name="NC_Inund_1_Merge"><geoObjTyp><GeoObjTypCd value="002" Sync="TRUE"></GeoObjTypCd></geoObjTyp><geoObjCnt Sync="TRUE">0</geoObjCnt></geometObjs><topLvl><TopoLevCd value="001" Sync="TRUE"></TopoLevCd></topLvl></VectSpatRep></spatRepInfo><spdoinfo><ptvctinf><esriterm Name="NC_Inund_1_Merge"><efeatyp Sync="TRUE">Simple</efeatyp><efeageom code="4" Sync="TRUE"></efeageom><esritopo Sync="TRUE">FALSE</esritopo><efeacnt Sync="TRUE">0</efeacnt><spindex Sync="TRUE">TRUE</spindex><linrefer Sync="TRUE">FALSE</linrefer></esriterm></ptvctinf></spdoinfo><eainfo><detailed Name="NC_Inund_1_Merge"><enttyp><enttypl Sync="TRUE">NC_Inund_1_Merge</enttypl><enttypt Sync="TRUE">Feature Class</enttypt><enttypc Sync="TRUE">0</enttypc></enttyp><attr><attrlabl Sync="TRUE">OBJECTID_1</attrlabl><attalias Sync="TRUE">OBJECTID_1</attalias><attrtype Sync="TRUE">OID</attrtype><attwidth Sync="TRUE">4</attwidth><atprecis Sync="TRUE">0</atprecis><attscale Sync="TRUE">0</attscale><attrdef Sync="TRUE">Internal feature number.</attrdef><attrdefs Sync="TRUE">Esri</attrdefs><attrdomv><udom Sync="TRUE">Sequential unique whole numbers that are automatically generated.</udom></attrdomv></attr><attr><attrlabl Sync="TRUE">Shape</attrlabl><attalias Sync="TRUE">Shape</attalias><attrtype Sync="TRUE">Geometry</attrtype><attwidth Sync="TRUE">0</attwidth><atprecis Sync="TRUE">0</atprecis><attscale Sync="TRUE">0</attscale><attrdef Sync="TRUE">Feature geometry.</attrdef><attrdefs Sync="TRUE">Esri</attrdefs><attrdomv><udom Sync="TRUE">Coordinates defining the features.</udom></attrdomv></attr><attr><attrlabl Sync="TRUE">OBJECTID</attrlabl><attalias Sync="TRUE">OBJECTID</attalias><attrtype Sync="TRUE">Integer</attrtype><attwidth Sync="TRUE">4</attwidth><atprecis Sync="TRUE">0</atprecis><attscale Sync="TRUE">0</attscale></attr><attr><attrlabl Sync="TRUE">Id</attrlabl><attalias Sync="TRUE">Id</attalias><attrtype Sync="TRUE">Integer</attrtype><attwidth Sync="TRUE">4</attwidth><atprecis Sync="TRUE">0</atprecis><attscale Sync="TRUE">0</attscale></attr><attr><attrlabl Sync="TRUE">gridcode</attrlabl><attalias Sync="TRUE">gridcode</attalias><attrtype Sync="TRUE">Integer</attrtype><attwidth Sync="TRUE">4</attwidth><atprecis Sync="TRUE">0</atprecis><attscale Sync="TRUE">0</attscale></attr><attr><attrlabl Sync="TRUE">Shape_Leng</attrlabl><attalias Sync="TRUE">Shape_Leng</attalias><attrtype Sync="TRUE">Double</attrtype><attwidth Sync="TRUE">8</attwidth><atprecis Sync="TRUE">0</atprecis><attscale Sync="TRUE">0</attscale></attr><attr><attrlabl Sync="TRUE">Shape_Length</attrlabl><attalias Sync="TRUE">Shape_Length</attalias><attrtype Sync="TRUE">Double</attrtype><attwidth Sync="TRUE">8</attwidth><atprecis Sync="TRUE">0</atprecis><attscale Sync="TRUE">0</attscale><attrdef Sync="TRUE">Length of feature in internal units.</attrdef><attrdefs Sync="TRUE">Esri</attrdefs><attrdomv><udom Sync="TRUE">Positive real numbers that are automatically generated.</udom></attrdomv></attr><attr><attrlabl Sync="TRUE">Shape_Area</attrlabl><attalias Sync="TRUE">Shape_Area</attalias><attrtype Sync="TRUE">Double</attrtype><attwidth Sync="TRUE">8</attwidth><atprecis Sync="TRUE">0</atprecis><attscale Sync="TRUE">0</attscale><attrdef Sync="TRUE">Area of feature in internal units squared.</attrdef><attrdefs Sync="TRUE">Esri</attrdefs><attrdomv><udom Sync="TRUE">Positive real numbers that are automatically generated.</udom></attrdomv></attr></detailed></eainfo><mdDateSt Sync="TRUE">20210517</mdDateSt></metadata>
